{"stat.chestOpened":2,"stat.walkOneCm":14272,"achievement.openInventory":8,"stat.useItem.minecraft.stone":360,"stat.leaveGame":3,"stat.damageTaken":520,"stat.mobKills":1,"stat.flyOneCm":278861,"stat.deaths":2,"stat.jump":48,"stat.playOneMinute":16477,"stat.useItem.minecraft.planks":15,"stat.killEntity.Villager":1,"stat.damageDealt":200,"stat.crouchOneCm":1118,"stat.enderchestOpened":1,"stat.timeSinceDeath":2481,"stat.sprintOneCm":8055,"stat.useItem.minecraft.spawn_egg":1,"achievement.exploreAllBiomes":{"value":0,"progress":["Savanna Plateau","Beach","Jungle","River","Plains","Desert","Savanna"]}}